Mention,Count,Year,User URL
unpr0n0unceable,2,2020,https://twitter.com/unpr0n0unceable
kushalvala,3,2020,https://twitter.com/kushalvala
yugabhat,2,2020,https://twitter.com/yugabhat
anantikamehra,9,2020,https://twitter.com/anantikamehra
manuvardhan,5,2020,https://twitter.com/manuvardhan
whatsapp,1,2020,https://twitter.com/whatsapp
nikeiahuja,2,2020,https://twitter.com/nikeiahuja
ylevyys,1,2020,https://twitter.com/ylevyys
muttonkulfi,1,2020,https://twitter.com/muttonkulfi
spendeeapp,1,2020,https://twitter.com/spendeeapp
headbangereats,1,2020,https://twitter.com/headbangereats
hktweets666,2,2020,https://twitter.com/hktweets666
abhishek_r33,1,2020,https://twitter.com/abhishek_r33
ruchirao95,4,2020,https://twitter.com/ruchirao95
anuraag__sharma,3,2020,https://twitter.com/anuraag__sharma
shuraut,2,2020,https://twitter.com/shuraut
anuraagksharma,2,2020,https://twitter.com/anuraagksharma
avanifunde,2,2020,https://twitter.com/avanifunde
avnishharma,1,2020,https://twitter.com/avnishharma
garamcooler,2,2020,https://twitter.com/garamcooler
amolpophali,4,2020,https://twitter.com/amolpophali
astikkulkarni,3,2020,https://twitter.com/astikkulkarni
lastprimealive,1,2020,https://twitter.com/lastprimealive
roocheetah,1,2020,https://twitter.com/roocheetah
onkaroak18,1,2020,https://twitter.com/onkaroak18
pallavi7p,1,2020,https://twitter.com/pallavi7p
hshubhang,1,2020,https://twitter.com/hshubhang
themandalorian,1,2020,https://twitter.com/themandalorian
yavvee,2,2020,https://twitter.com/yavvee
arjits29,1,2020,https://twitter.com/arjits29
elisonsherton,2,2019,https://twitter.com/elisonsherton
bhuvan_bam,2,2019,https://twitter.com/bhuvan_bam
manuvardhan,167,2019,https://twitter.com/manuvardhan
astikkulkarni,66,2019,https://twitter.com/astikkulkarni
anantikamehra,100,2019,https://twitter.com/anantikamehra
muttonkulfi,2,2019,https://twitter.com/muttonkulfi
globalwaffles,2,2019,https://twitter.com/globalwaffles
lastprimealive,3,2019,https://twitter.com/lastprimealive
hshubhang,20,2019,https://twitter.com/hshubhang
yugabhat,47,2019,https://twitter.com/yugabhat
arjits29,10,2019,https://twitter.com/arjits29
ruchirao95,79,2019,https://twitter.com/ruchirao95
amolpophali,18,2019,https://twitter.com/amolpophali
shuraut,26,2019,https://twitter.com/shuraut
spotifyindia,1,2019,https://twitter.com/spotifyindia
spotify,5,2019,https://twitter.com/spotify
1brownman,1,2019,https://twitter.com/1brownman
yavvee,47,2019,https://twitter.com/yavvee
pranjalwagh,9,2019,https://twitter.com/pranjalwagh
effingut,3,2019,https://twitter.com/effingut
anuraag__sharma,13,2019,https://twitter.com/anuraag__sharma
ameyamulawkar,3,2019,https://twitter.com/ameyamulawkar
suryaavala,2,2019,https://twitter.com/suryaavala
romilvats,7,2019,https://twitter.com/romilvats
shounakpande,1,2019,https://twitter.com/shounakpande
sharayuail,1,2019,https://twitter.com/sharayuail
pallavi7p,10,2019,https://twitter.com/pallavi7p
budweiserusa,1,2019,https://twitter.com/budweiserusa
abhishek_r33,7,2019,https://twitter.com/abhishek_r33
unpr0n0unceable,18,2019,https://twitter.com/unpr0n0unceable
8000000sky,5,2019,https://twitter.com/8000000sky
superfunkie,1,2019,https://twitter.com/superfunkie
varsha_dange,1,2019,https://twitter.com/varsha_dange
starbucksindia,7,2019,https://twitter.com/starbucksindia
garamcooler,5,2019,https://twitter.com/garamcooler
avanifunde,3,2019,https://twitter.com/avanifunde
tmtofficial__,2,2019,https://twitter.com/tmtofficial__
mindhunter_,1,2019,https://twitter.com/mindhunter_
kushalvala,11,2019,https://twitter.com/kushalvala
sassthree,47,2019,https://twitter.com/sassthree
ankushsjoshi,1,2019,https://twitter.com/ankushsjoshi
binayaknag,2,2019,https://twitter.com/binayaknag
bkanemn,1,2019,https://twitter.com/bkanemn
todoist,6,2019,https://twitter.com/todoist
vivekteega,10,2019,https://twitter.com/vivekteega
twitter,6,2019,https://twitter.com/twitter
twittersupport,3,2019,https://twitter.com/twittersupport
kasturiutekar,1,2019,https://twitter.com/kasturiutekar
divijrshah,1,2019,https://twitter.com/divijrshah
raithathadivya,8,2019,https://twitter.com/raithathadivya
romaticize,2,2019,https://twitter.com/romaticize
sforscientist,3,2019,https://twitter.com/sforscientist
suryansh_42,8,2019,https://twitter.com/suryansh_42
pranavkherdekar,6,2019,https://twitter.com/pranavkherdekar
myproteinuk,4,2019,https://twitter.com/myproteinuk
pawan_rochwani,7,2019,https://twitter.com/pawan_rochwani
medium,1,2019,https://twitter.com/medium
anuraggofficial,1,2019,https://twitter.com/anuraggofficial
whatsapp,2,2019,https://twitter.com/whatsapp
indrajeetad,7,2019,https://twitter.com/indrajeetad
apple,2,2019,https://twitter.com/apple
gusrazzetti,1,2019,https://twitter.com/gusrazzetti
zomatoin,2,2019,https://twitter.com/zomatoin
shardrooling,1,2019,https://twitter.com/shardrooling
lifeofstardust,3,2019,https://twitter.com/lifeofstardust
havaldarshinde,1,2019,https://twitter.com/havaldarshinde
brokntransistor,3,2019,https://twitter.com/brokntransistor
wrechoslovakia,1,2019,https://twitter.com/wrechoslovakia
jayraj_3110,2,2019,https://twitter.com/jayraj_3110
aditya_tote,1,2019,https://twitter.com/aditya_tote
anjalifem,1,2019,https://twitter.com/anjalifem
accorhotels,1,2019,https://twitter.com/accorhotels
the_sarcastic_j,1,2019,https://twitter.com/the_sarcastic_j
outlook,1,2019,https://twitter.com/outlook
kankur009,2,2019,https://twitter.com/kankur009
ubereats,3,2019,https://twitter.com/ubereats
applemusic,7,2019,https://twitter.com/applemusic
youtubemusic,4,2019,https://twitter.com/youtubemusic
callmeweird59,1,2019,https://twitter.com/callmeweird59
nbcblacklist,2,2019,https://twitter.com/nbcblacklist
paniatthedisco,5,2019,https://twitter.com/paniatthedisco
srivatsanhere,2,2019,https://twitter.com/srivatsanhere
mcdonalds,1,2019,https://twitter.com/mcdonalds
dominos_india,1,2019,https://twitter.com/dominos_india
sutejsinghmusic,1,2019,https://twitter.com/sutejsinghmusic
lagorimusic,1,2019,https://twitter.com/lagorimusic
killedbygoogle,1,2019,https://twitter.com/killedbygoogle
xynoclafe,5,2019,https://twitter.com/xynoclafe
inboxbygmail,3,2019,https://twitter.com/inboxbygmail
mdbband,1,2019,https://twitter.com/mdbband
arsenal,1,2019,https://twitter.com/arsenal
nh7,2,2019,https://twitter.com/nh7
officialopeth,3,2019,https://twitter.com/officialopeth
mrunmayee_kode,2,2019,https://twitter.com/mrunmayee_kode
tinder,1,2019,https://twitter.com/tinder
sanikakelkar,1,2019,https://twitter.com/sanikakelkar
oneplus,1,2019,https://twitter.com/oneplus
leonjrussell,1,2019,https://twitter.com/leonjrussell
anuraagksharma,1,2019,https://twitter.com/anuraagksharma
nosylviaplath,1,2019,https://twitter.com/nosylviaplath
pradyunsg,1,2019,https://twitter.com/pradyunsg
ylevyys,1,2019,https://twitter.com/ylevyys
aadya_sh,1,2019,https://twitter.com/aadya_sh
neerajcahuja,1,2019,https://twitter.com/neerajcahuja
nikeiahuja,1,2019,https://twitter.com/nikeiahuja
factsionary,1,2019,https://twitter.com/factsionary
karanjeswani306,4,2019,https://twitter.com/karanjeswani306
theflawedfoot,1,2019,https://twitter.com/theflawedfoot
yourslegallyy,1,2019,https://twitter.com/yourslegallyy
kalmahofficial,1,2019,https://twitter.com/kalmahofficial
lambofgod,1,2019,https://twitter.com/lambofgod
googlekeep,1,2019,https://twitter.com/googlekeep
evernote,1,2019,https://twitter.com/evernote
architk_92,1,2019,https://twitter.com/architk_92
inquisitiveniks,1,2019,https://twitter.com/inquisitiveniks
kartik_begari,1,2019,https://twitter.com/kartik_begari
lightroom,1,2019,https://twitter.com/lightroom
brewkenstein,1,2019,https://twitter.com/brewkenstein
zabaan,1,2019,https://twitter.com/zabaan
unutrition,1,2019,https://twitter.com/unutrition
iibtaay,1,2019,https://twitter.com/iibtaay
naashtaaashta,2,2019,https://twitter.com/naashtaaashta
devdeepray,1,2019,https://twitter.com/devdeepray
subway,1,2019,https://twitter.com/subway
hiddenplace2,1,2019,https://twitter.com/hiddenplace2
singhrajat1994,2,2019,https://twitter.com/singhrajat1994
rajatrodge,2,2019,https://twitter.com/rajatrodge
tpsaitwal,2,2019,https://twitter.com/tpsaitwal
partychahiye,2,2019,https://twitter.com/partychahiye
devendraveerkar,2,2019,https://twitter.com/devendraveerkar
chaudhariii009,2,2019,https://twitter.com/chaudhariii009
yenbuddhist,1,2019,https://twitter.com/yenbuddhist
balachandran_m1,1,2019,https://twitter.com/balachandran_m1
laldabba,1,2019,https://twitter.com/laldabba
crimminds_cbs,1,2019,https://twitter.com/crimminds_cbs
primevideo,1,2019,https://twitter.com/primevideo
netflixindia,2,2019,https://twitter.com/netflixindia
grandmamascafe,1,2019,https://twitter.com/grandmamascafe
thefattybaomum,3,2019,https://twitter.com/thefattybaomum
mezzala_maestro,1,2019,https://twitter.com/mezzala_maestro
omkar_nus,1,2019,https://twitter.com/omkar_nus
idea_cares,3,2019,https://twitter.com/idea_cares
plinirh,1,2019,https://twitter.com/plinirh
trai,1,2019,https://twitter.com/trai
ruchitasurve,4,2019,https://twitter.com/ruchitasurve
cowbai,2,2019,https://twitter.com/cowbai
thatdoggonelady,2,2019,https://twitter.com/thatdoggonelady
bharatiyamedusa,2,2019,https://twitter.com/bharatiyamedusa
sohamk12,1,2019,https://twitter.com/sohamk12
ranveerofficial,1,2019,https://twitter.com/ranveerofficial
effingut,5,2018,https://twitter.com/effingut
anantikamehra,212,2018,https://twitter.com/anantikamehra
sassthree,57,2018,https://twitter.com/sassthree
shuraut,60,2018,https://twitter.com/shuraut
manuvardhan,30,2018,https://twitter.com/manuvardhan
asphalt,2,2018,https://twitter.com/asphalt
elisonsherton,96,2018,https://twitter.com/elisonsherton
raithathadivya,6,2018,https://twitter.com/raithathadivya
amolpophali,30,2018,https://twitter.com/amolpophali
jayraj_3110,12,2018,https://twitter.com/jayraj_3110
subway,4,2018,https://twitter.com/subway
amusedlyyours,4,2018,https://twitter.com/amusedlyyours
thefattybaomum,1,2018,https://twitter.com/thefattybaomum
yavvee,51,2018,https://twitter.com/yavvee
nikeiahuja,22,2018,https://twitter.com/nikeiahuja
ruchitasurve,1,2018,https://twitter.com/ruchitasurve
ankushsjoshi,2,2018,https://twitter.com/ankushsjoshi
quora,1,2018,https://twitter.com/quora
karanjeswani306,2,2018,https://twitter.com/karanjeswani306
nikunjshah720,1,2018,https://twitter.com/nikunjshah720
yugabhat,23,2018,https://twitter.com/yugabhat
anuraag__sharma,1,2018,https://twitter.com/anuraag__sharma
vivekteega,8,2018,https://twitter.com/vivekteega
astikkulkarni,92,2018,https://twitter.com/astikkulkarni
hshubhang,19,2018,https://twitter.com/hshubhang
starbucks,2,2018,https://twitter.com/starbucks
saurabh_151193,8,2018,https://twitter.com/saurabh_151193
arretweets,1,2018,https://twitter.com/arretweets
architectsuk,1,2018,https://twitter.com/architectsuk
bluecognito,1,2018,https://twitter.com/bluecognito
mou5erat,1,2018,https://twitter.com/mou5erat
pushkarvaidya1,2,2018,https://twitter.com/pushkarvaidya1
cinnabon,1,2018,https://twitter.com/cinnabon
siddhis58697193,3,2018,https://twitter.com/siddhis58697193
sarath95,2,2018,https://twitter.com/sarath95
d34th100,2,2018,https://twitter.com/d34th100
xynoclafe,15,2018,https://twitter.com/xynoclafe
briannawiest,1,2018,https://twitter.com/briannawiest
spendeeapp,5,2018,https://twitter.com/spendeeapp
suryaavala,7,2018,https://twitter.com/suryaavala
arjits29,35,2018,https://twitter.com/arjits29
pskylarke,1,2018,https://twitter.com/pskylarke
kedar26733280,1,2018,https://twitter.com/kedar26733280
vinaytawani,3,2018,https://twitter.com/vinaytawani
ameyamulawkar,14,2018,https://twitter.com/ameyamulawkar
todoist,4,2018,https://twitter.com/todoist
fitcouplecooks,2,2018,https://twitter.com/fitcouplecooks
dotsandco,3,2018,https://twitter.com/dotsandco
mrunmayee_kode,1,2018,https://twitter.com/mrunmayee_kode
mc_somnus,2,2018,https://twitter.com/mc_somnus
sanikakelkar,2,2018,https://twitter.com/sanikakelkar
__immohit__,1,2018,https://twitter.com/__immohit__
tappedbeerfest,1,2018,https://twitter.com/tappedbeerfest
toi,1,2018,https://twitter.com/toi
cowbai,1,2018,https://twitter.com/cowbai
verizonfios,1,2018,https://twitter.com/verizonfios
verizon,1,2018,https://twitter.com/verizon
twodots,5,2018,https://twitter.com/twodots
evernote,1,2018,https://twitter.com/evernote
nova_launcher,1,2018,https://twitter.com/nova_launcher
dannywelbeck,1,2018,https://twitter.com/dannywelbeck
gautambhatia88,1,2018,https://twitter.com/gautambhatia88
imanuraagsharma,66,2018,https://twitter.com/imanuraagsharma
pallavi7p,15,2018,https://twitter.com/pallavi7p
anantika,1,2018,https://twitter.com/anantika
shraddhac810,3,2018,https://twitter.com/shraddhac810
bhawna_panwar,1,2018,https://twitter.com/bhawna_panwar
iam_ujwal,2,2018,https://twitter.com/iam_ujwal
natangwetangi,1,2018,https://twitter.com/natangwetangi
altosadventure,1,2018,https://twitter.com/altosadventure
garudmaachi,1,2018,https://twitter.com/garudmaachi
coursera,1,2018,https://twitter.com/coursera
saurabh2450,1,2018,https://twitter.com/saurabh2450
bhuvan_bam,2,2018,https://twitter.com/bhuvan_bam
rohanbahadur,1,2018,https://twitter.com/rohanbahadur
varungrover,1,2018,https://twitter.com/varungrover
varghese_kitty,1,2018,https://twitter.com/varghese_kitty
ecavaniofficial,1,2018,https://twitter.com/ecavaniofficial
pranavkherdekar,8,2018,https://twitter.com/pranavkherdekar
slipperysandune,1,2018,https://twitter.com/slipperysandune
smilingladka,1,2018,https://twitter.com/smilingladka
february_31st,4,2018,https://twitter.com/february_31st
whatsapp,1,2018,https://twitter.com/whatsapp
tonikroos,1,2018,https://twitter.com/tonikroos
msedcl,2,2018,https://twitter.com/msedcl
aasim212,4,2018,https://twitter.com/aasim212
p_regional,1,2018,https://twitter.com/p_regional
cepune,1,2018,https://twitter.com/cepune
msedcl_pz,1,2018,https://twitter.com/msedcl_pz
neerajcahuja,1,2018,https://twitter.com/neerajcahuja
youtube,1,2018,https://twitter.com/youtube
aarondsa,2,2018,https://twitter.com/aarondsa
indian_ostrich,1,2018,https://twitter.com/indian_ostrich
simpleturtleart,1,2018,https://twitter.com/simpleturtleart
shanerwatson33,2,2018,https://twitter.com/shanerwatson33
neildongre,1,2018,https://twitter.com/neildongre
sergioramos,1,2018,https://twitter.com/sergioramos
sanjana1694,1,2018,https://twitter.com/sanjana1694
pranjalwagh,6,2018,https://twitter.com/pranjalwagh
pradyunsg,1,2018,https://twitter.com/pradyunsg
twitterindia,1,2018,https://twitter.com/twitterindia
jayshettyiw,1,2018,https://twitter.com/jayshettyiw
bajpayeemanoj,1,2018,https://twitter.com/bajpayeemanoj
twitter,8,2018,https://twitter.com/twitter
twittersupport,1,2018,https://twitter.com/twittersupport
ustwogames,1,2018,https://twitter.com/ustwogames
narendramodi,1,2018,https://twitter.com/narendramodi
onkaroak18,3,2018,https://twitter.com/onkaroak18
pratikrajurkar,2,2018,https://twitter.com/pratikrajurkar
arrahman,1,2018,https://twitter.com/arrahman
siddharthgpta,2,2018,https://twitter.com/siddharthgpta
dragonforce,1,2018,https://twitter.com/dragonforce
vaibhavikardale,2,2018,https://twitter.com/vaibhavikardale
infinitenidhi,3,2018,https://twitter.com/infinitenidhi
__sruji__,1,2018,https://twitter.com/__sruji__
explosm,1,2018,https://twitter.com/explosm
yourmomsgossip,1,2018,https://twitter.com/yourmomsgossip
shazam,3,2018,https://twitter.com/shazam
spotify,2,2018,https://twitter.com/spotify
athyunnath,2,2018,https://twitter.com/athyunnath
saatr,5,2018,https://twitter.com/saatr
fact,1,2018,https://twitter.com/fact
alfa_laval,2,2018,https://twitter.com/alfa_laval
purelinuxguy,1,2018,https://twitter.com/purelinuxguy
pocket,1,2018,https://twitter.com/pocket
medium,1,2018,https://twitter.com/medium
pizzaexpress,1,2018,https://twitter.com/pizzaexpress
ronkinigupta,1,2018,https://twitter.com/ronkinigupta
moredisha,7,2018,https://twitter.com/moredisha
chaudhariii009,1,2018,https://twitter.com/chaudhariii009
partychahiye,1,2018,https://twitter.com/partychahiye
devendraveerkar,1,2018,https://twitter.com/devendraveerkar
existentialcoms,1,2018,https://twitter.com/existentialcoms
arijit__singh,1,2018,https://twitter.com/arijit__singh
gareebguy,1,2018,https://twitter.com/gareebguy
brokntransistor,3,2018,https://twitter.com/brokntransistor
uber_support,1,2018,https://twitter.com/uber_support
facebook,4,2018,https://twitter.com/facebook
faroutakhtar,1,2018,https://twitter.com/faroutakhtar
bbcoindia,1,2018,https://twitter.com/bbcoindia
godoolally,1,2018,https://twitter.com/godoolally
googleindia,1,2018,https://twitter.com/googleindia
factsionary,2,2018,https://twitter.com/factsionary
snapchat,1,2018,https://twitter.com/snapchat
tinder,1,2018,https://twitter.com/tinder
thedarkrebel,3,2018,https://twitter.com/thedarkrebel
tasty,1,2018,https://twitter.com/tasty
samsungmobile,2,2018,https://twitter.com/samsungmobile
indrajeetad,1,2018,https://twitter.com/indrajeetad
anandkh89167367,1,2018,https://twitter.com/anandkh89167367
applemusic,1,2018,https://twitter.com/applemusic
toomdrama,1,2018,https://twitter.com/toomdrama
astikkulkarni,49,2017,https://twitter.com/astikkulkarni
brokntransistor,12,2017,https://twitter.com/brokntransistor
ankushsjoshi,16,2017,https://twitter.com/ankushsjoshi
syskaul,5,2017,https://twitter.com/syskaul
yavvee,99,2017,https://twitter.com/yavvee
pradyunsg,5,2017,https://twitter.com/pradyunsg
amolpophali,12,2017,https://twitter.com/amolpophali
arjits29,60,2017,https://twitter.com/arjits29
anantikamehra,439,2017,https://twitter.com/anantikamehra
kfc_india,9,2017,https://twitter.com/kfc_india
sanikakelkar,25,2017,https://twitter.com/sanikakelkar
alangogoll,1,2017,https://twitter.com/alangogoll
beingchatterjee,2,2017,https://twitter.com/beingchatterjee
pranavkherdekar,27,2017,https://twitter.com/pranavkherdekar
_oliviergiroud_,2,2017,https://twitter.com/_oliviergiroud_
indrajeetad,20,2017,https://twitter.com/indrajeetad
athyunnath,8,2017,https://twitter.com/athyunnath
xynoclafe,93,2017,https://twitter.com/xynoclafe
google,14,2017,https://twitter.com/google
vaibhavikardale,1,2017,https://twitter.com/vaibhavikardale
tomwarren,4,2017,https://twitter.com/tomwarren
hashpune,4,2017,https://twitter.com/hashpune
yugabhat,27,2017,https://twitter.com/yugabhat
nikeiahuja,6,2017,https://twitter.com/nikeiahuja
filmfasterfene,1,2017,https://twitter.com/filmfasterfene
girishpkulkarni,1,2017,https://twitter.com/girishpkulkarni
snapchat,3,2017,https://twitter.com/snapchat
porcupinetree,2,2017,https://twitter.com/porcupinetree
inboxbygmail,10,2017,https://twitter.com/inboxbygmail
googleplay,2,2017,https://twitter.com/googleplay
subway,2,2017,https://twitter.com/subway
saurabh_151193,21,2017,https://twitter.com/saurabh_151193
effingut,2,2017,https://twitter.com/effingut
manuvardhan,49,2017,https://twitter.com/manuvardhan
pallavi7p,9,2017,https://twitter.com/pallavi7p
cokestudio,2,2017,https://twitter.com/cokestudio
sonamohapatra,1,2017,https://twitter.com/sonamohapatra
agentjacksbar,1,2017,https://twitter.com/agentjacksbar
twodots,2,2017,https://twitter.com/twodots
moredisha,6,2017,https://twitter.com/moredisha
suryaavala,82,2017,https://twitter.com/suryaavala
googlemaps,1,2017,https://twitter.com/googlemaps
ifttt,2,2017,https://twitter.com/ifttt
keventersshake,7,2017,https://twitter.com/keventersshake
androidauth,2,2017,https://twitter.com/androidauth
dotsandco,1,2017,https://twitter.com/dotsandco
aedilhaimushkil,1,2017,https://twitter.com/aedilhaimushkil
pawan_rochwani,1,2017,https://twitter.com/pawan_rochwani
demonictweets,1,2017,https://twitter.com/demonictweets
pelicansong,1,2017,https://twitter.com/pelicansong
vivekteega,8,2017,https://twitter.com/vivekteega
paytm,2,2017,https://twitter.com/paytm
theofficialsbi,4,2017,https://twitter.com/theofficialsbi
ideacellular,6,2017,https://twitter.com/ideacellular
nishthavishwak2,1,2017,https://twitter.com/nishthavishwak2
valcrazy5040,5,2017,https://twitter.com/valcrazy5040
republic,1,2017,https://twitter.com/republic
shivaneehasabni,1,2017,https://twitter.com/shivaneehasabni
reckless,1,2017,https://twitter.com/reckless
mrboowars,1,2017,https://twitter.com/mrboowars
honestlyopines,3,2017,https://twitter.com/honestlyopines
effon,2,2017,https://twitter.com/effon
pskylarke,3,2017,https://twitter.com/pskylarke
evernote,4,2017,https://twitter.com/evernote
pocket,3,2017,https://twitter.com/pocket
d34th100,8,2017,https://twitter.com/d34th100
thebarstockexch,1,2017,https://twitter.com/thebarstockexch
thedemonstealer,3,2017,https://twitter.com/thedemonstealer
amarjeet_singha,2,2017,https://twitter.com/amarjeet_singha
pedestrianpoet,1,2017,https://twitter.com/pedestrianpoet
drjatinanand,1,2017,https://twitter.com/drjatinanand
hktweets666,1,2017,https://twitter.com/hktweets666
jackwilshere,1,2017,https://twitter.com/jackwilshere
theowalcott,1,2017,https://twitter.com/theowalcott
googlecalendar,1,2017,https://twitter.com/googlecalendar
subwaylistens,1,2017,https://twitter.com/subwaylistens
yourmomsgossip,5,2017,https://twitter.com/yourmomsgossip
siddharthgpta,7,2017,https://twitter.com/siddharthgpta
aditimallya,2,2017,https://twitter.com/aditimallya
bigbasket_com,3,2017,https://twitter.com/bigbasket_com
naturesbasket,1,2017,https://twitter.com/naturesbasket
jasleenroyal,1,2017,https://twitter.com/jasleenroyal
prateekkuhad,1,2017,https://twitter.com/prateekkuhad
gaana,4,2017,https://twitter.com/gaana
varghese_kitty,7,2017,https://twitter.com/varghese_kitty
mumbaifilmfest,2,2017,https://twitter.com/mumbaifilmfest
todoist,5,2017,https://twitter.com/todoist
7layerskinz,1,2017,https://twitter.com/7layerskinz
dbrand,4,2017,https://twitter.com/dbrand
sayajihotelsltd,1,2017,https://twitter.com/sayajihotelsltd
easports,2,2017,https://twitter.com/easports
ea,1,2017,https://twitter.com/ea
apple,11,2017,https://twitter.com/apple
kalvit,2,2017,https://twitter.com/kalvit
arsenal,2,2017,https://twitter.com/arsenal
mkbhd,2,2017,https://twitter.com/mkbhd
starbucksindia,1,2017,https://twitter.com/starbucksindia
twitterindia,1,2017,https://twitter.com/twitterindia
speckproducts,1,2017,https://twitter.com/speckproducts
appleinsider,1,2017,https://twitter.com/appleinsider
dashofbellerin,1,2017,https://twitter.com/dashofbellerin
quora,3,2017,https://twitter.com/quora
nvidiageforce,4,2017,https://twitter.com/nvidiageforce
twitter,13,2017,https://twitter.com/twitter
oneplus,7,2017,https://twitter.com/oneplus
aarondsa,6,2017,https://twitter.com/aarondsa
madoverdonuts,1,2017,https://twitter.com/madoverdonuts
stephanpastis,1,2017,https://twitter.com/stephanpastis
hp,1,2017,https://twitter.com/hp
hpsupport,1,2017,https://twitter.com/hpsupport
punedaily,1,2017,https://twitter.com/punedaily
shreyaghoshal,2,2017,https://twitter.com/shreyaghoshal
eagleboyspune,1,2017,https://twitter.com/eagleboyspune
facebook,4,2017,https://twitter.com/facebook
viraj_bake,4,2017,https://twitter.com/viraj_bake
whiteowlbrewery,2,2017,https://twitter.com/whiteowlbrewery
starbucks,1,2017,https://twitter.com/starbucks
shu_raut,1,2017,https://twitter.com/shu_raut
youtube,4,2017,https://twitter.com/youtube
dreamtheaternet,4,2017,https://twitter.com/dreamtheaternet
jpetrucci,1,2017,https://twitter.com/jpetrucci
musicmayo99,2,2017,https://twitter.com/musicmayo99
uudbilawmanus,5,2017,https://twitter.com/uudbilawmanus
peeteeonyou,2,2017,https://twitter.com/peeteeonyou
siriahrigved,5,2017,https://twitter.com/siriahrigved
nike,1,2017,https://twitter.com/nike
sakihenry_,3,2017,https://twitter.com/sakihenry_
gmail,1,2017,https://twitter.com/gmail
justiceleaguewb,2,2017,https://twitter.com/justiceleaguewb
bhuvan_bam,2,2017,https://twitter.com/bhuvan_bam
giphy,1,2017,https://twitter.com/giphy
lipstickmovie,2,2017,https://twitter.com/lipstickmovie
momthemovie,2,2017,https://twitter.com/momthemovie
dunkirkmovie,2,2017,https://twitter.com/dunkirkmovie
puma,2,2017,https://twitter.com/puma
harry_moore_,1,2017,https://twitter.com/harry_moore_
aditipadhye,4,2017,https://twitter.com/aditipadhye
giaa_band,1,2017,https://twitter.com/giaa_band
whatsapp,5,2017,https://twitter.com/whatsapp
srisricomedy,1,2017,https://twitter.com/srisricomedy
shradhapatil26,3,2017,https://twitter.com/shradhapatil26
samsungmobile,6,2017,https://twitter.com/samsungmobile
vinaytawani,1,2017,https://twitter.com/vinaytawani
alfa_laval,1,2017,https://twitter.com/alfa_laval
oneplus_in,1,2017,https://twitter.com/oneplus_in
oneplus_support,1,2017,https://twitter.com/oneplus_support
youbroadband,5,2017,https://twitter.com/youbroadband
devaashish,3,2017,https://twitter.com/devaashish
burgerkingindia,5,2017,https://twitter.com/burgerkingindia
nidzk123,2,2017,https://twitter.com/nidzk123
brabarusmark,1,2017,https://twitter.com/brabarusmark
sonalgh,1,2017,https://twitter.com/sonalgh
arnav_d,1,2017,https://twitter.com/arnav_d
leeroyjenkins,1,2017,https://twitter.com/leeroyjenkins
roshni146,2,2017,https://twitter.com/roshni146
swarmapp,1,2017,https://twitter.com/swarmapp
rohanbahadur,1,2017,https://twitter.com/rohanbahadur
powaiinfo,1,2017,https://twitter.com/powaiinfo
nishthavishwak5,1,2017,https://twitter.com/nishthavishwak5
icicibank_care,1,2017,https://twitter.com/icicibank_care
pbbeergarden,1,2017,https://twitter.com/pbbeergarden
9gag,3,2017,https://twitter.com/9gag
prashantshaha,1,2017,https://twitter.com/prashantshaha
saurabh2450,1,2017,https://twitter.com/saurabh2450
pureleaf,4,2017,https://twitter.com/pureleaf
lipton,4,2017,https://twitter.com/lipton
anusfw,1,2017,https://twitter.com/anusfw
aroondeep,1,2017,https://twitter.com/aroondeep
fact,1,2017,https://twitter.com/fact
physio_shruti,2,2017,https://twitter.com/physio_shruti
evernotehelps,1,2017,https://twitter.com/evernotehelps
evernote_de,3,2017,https://twitter.com/evernote_de
zmadon,1,2017,https://twitter.com/zmadon
himanij1495,3,2017,https://twitter.com/himanij1495
burgerking,1,2017,https://twitter.com/burgerking
shriramdusane,24,2017,https://twitter.com/shriramdusane
googleindia,1,2017,https://twitter.com/googleindia
giveawaybrixe,1,2017,https://twitter.com/giveawaybrixe
leplaisirpune,1,2017,https://twitter.com/leplaisirpune
bb_ki_vines,1,2017,https://twitter.com/bb_ki_vines
salmanrushdie,4,2017,https://twitter.com/salmanrushdie
shantaram,4,2017,https://twitter.com/shantaram
ankitmutha10,1,2017,https://twitter.com/ankitmutha10
pagantrad,8,2017,https://twitter.com/pagantrad
wordpressdotcom,1,2017,https://twitter.com/wordpressdotcom
qualcomm,2,2017,https://twitter.com/qualcomm
29shreya_b,2,2017,https://twitter.com/29shreya_b
vishusanghi,1,2017,https://twitter.com/vishusanghi
mugshotpune,1,2017,https://twitter.com/mugshotpune
anuraagksharma,4,2017,https://twitter.com/anuraagksharma
vv_raman,1,2017,https://twitter.com/vv_raman
uber_india,2,2017,https://twitter.com/uber_india
hashmumbai,1,2017,https://twitter.com/hashmumbai
lunarbaboon,1,2017,https://twitter.com/lunarbaboon
abhishekpadhee,1,2017,https://twitter.com/abhishekpadhee
amazonnow,1,2017,https://twitter.com/amazonnow
eyeem,1,2017,https://twitter.com/eyeem
shenanigansen,1,2017,https://twitter.com/shenanigansen
creamstone30,1,2017,https://twitter.com/creamstone30
burgerbarncafe,1,2017,https://twitter.com/burgerbarncafe
ashlesha_atrey,1,2016,https://twitter.com/ashlesha_atrey
anantikamehra,264,2016,https://twitter.com/anantikamehra
sanikakelkar,9,2016,https://twitter.com/sanikakelkar
varghese_kitty,6,2016,https://twitter.com/varghese_kitty
himanij1495,56,2016,https://twitter.com/himanij1495
yavvee,41,2016,https://twitter.com/yavvee
xynoclafe,34,2016,https://twitter.com/xynoclafe
cafetoons,2,2016,https://twitter.com/cafetoons
shraddhac810,1,2016,https://twitter.com/shraddhac810
adwaitbabras,3,2016,https://twitter.com/adwaitbabras
rohanbahadur,2,2016,https://twitter.com/rohanbahadur
arjits29,62,2016,https://twitter.com/arjits29
swapy_m,1,2016,https://twitter.com/swapy_m
nikeiahuja,27,2016,https://twitter.com/nikeiahuja
manuvardhan,80,2016,https://twitter.com/manuvardhan
mugshotpune,2,2016,https://twitter.com/mugshotpune
factsionary,3,2016,https://twitter.com/factsionary
twitter,20,2016,https://twitter.com/twitter
shriramdusane,41,2016,https://twitter.com/shriramdusane
anuraagksharma,1,2016,https://twitter.com/anuraagksharma
kitanurag,1,2016,https://twitter.com/kitanurag
uudbilawmanus,1,2016,https://twitter.com/uudbilawmanus
paritoshbhide,6,2016,https://twitter.com/paritoshbhide
hectorbellerin,1,2016,https://twitter.com/hectorbellerin
mojorojo,2,2016,https://twitter.com/mojorojo
kfc_india,2,2016,https://twitter.com/kfc_india
suryaavala,51,2016,https://twitter.com/suryaavala
tool,1,2016,https://twitter.com/tool
brokntransistor,8,2016,https://twitter.com/brokntransistor
theweirdworld,3,2016,https://twitter.com/theweirdworld
shubhamharne2,1,2016,https://twitter.com/shubhamharne2
manognarao,24,2016,https://twitter.com/manognarao
deathultimate,1,2016,https://twitter.com/deathultimate
mallumafia,1,2016,https://twitter.com/mallumafia
youtube,5,2016,https://twitter.com/youtube
google,7,2016,https://twitter.com/google
dancewithmd,1,2016,https://twitter.com/dancewithmd
chilisindia,2,2016,https://twitter.com/chilisindia
hankypanty,2,2016,https://twitter.com/hankypanty
todozu,6,2016,https://twitter.com/todozu
yasemintie,2,2016,https://twitter.com/yasemintie
deshmukhaman,7,2016,https://twitter.com/deshmukhaman
yugabhat,4,2016,https://twitter.com/yugabhat
lifehacker,1,2016,https://twitter.com/lifehacker
vinaytawani,4,2016,https://twitter.com/vinaytawani
instagram,8,2016,https://twitter.com/instagram
wordpressdotcom,1,2016,https://twitter.com/wordpressdotcom
zakirhtabla,1,2016,https://twitter.com/zakirhtabla
astikkulkarni,1,2016,https://twitter.com/astikkulkarni
wunderlist,4,2016,https://twitter.com/wunderlist
todoist,7,2016,https://twitter.com/todoist
mesutozil1088,1,2016,https://twitter.com/mesutozil1088
alexis_sanchez,1,2016,https://twitter.com/alexis_sanchez
habi10ummer,2,2016,https://twitter.com/habi10ummer
glblctznin,1,2016,https://twitter.com/glblctznin
akibay2015,1,2016,https://twitter.com/akibay2015
narcosnetflix,1,2016,https://twitter.com/narcosnetflix
samsungmobile,2,2016,https://twitter.com/samsungmobile
amazonhelp,1,2016,https://twitter.com/amazonhelp
jpetrucci,1,2016,https://twitter.com/jpetrucci
roshni146,2,2016,https://twitter.com/roshni146
sbaneshubham,2,2016,https://twitter.com/sbaneshubham
shubhamlandge,1,2016,https://twitter.com/shubhamlandge
pkaypalwad,1,2016,https://twitter.com/pkaypalwad
l_am_pankaj,1,2016,https://twitter.com/l_am_pankaj
bipinrk1234,1,2016,https://twitter.com/bipinrk1234
padilemayur,1,2016,https://twitter.com/padilemayur
shriharichiwark,1,2016,https://twitter.com/shriharichiwark
15k,1,2016,https://twitter.com/15k
18k,1,2016,https://twitter.com/18k
geekyranjit,1,2016,https://twitter.com/geekyranjit
krishashok,1,2016,https://twitter.com/krishashok
sanchetigaurav,2,2016,https://twitter.com/sanchetigaurav
etosofficial,1,2016,https://twitter.com/etosofficial
d34th100,3,2016,https://twitter.com/d34th100
axisbank,1,2016,https://twitter.com/axisbank
peeteeonyou,1,2016,https://twitter.com/peeteeonyou
ifat_mmi,1,2016,https://twitter.com/ifat_mmi
alfa_laval,7,2016,https://twitter.com/alfa_laval
kanoonkadevta,2,2016,https://twitter.com/kanoonkadevta
missmalini,1,2016,https://twitter.com/missmalini
attackontitan3,2,2016,https://twitter.com/attackontitan3
aditya_tote,7,2016,https://twitter.com/aditya_tote
huffpostindia,3,2016,https://twitter.com/huffpostindia
1tanmayag,2,2016,https://twitter.com/1tanmayag
memeprovider,1,2016,https://twitter.com/memeprovider
pskylarke,1,2016,https://twitter.com/pskylarke
feelaliveishani,2,2016,https://twitter.com/feelaliveishani
powaiinfo,1,2016,https://twitter.com/powaiinfo
planetpowai,1,2016,https://twitter.com/planetpowai
googleallo__,1,2016,https://twitter.com/googleallo__
hashpune,13,2016,https://twitter.com/hashpune
orefakorede,1,2016,https://twitter.com/orefakorede
sureshpprabhu,1,2016,https://twitter.com/sureshpprabhu
poetryandtruth,1,2016,https://twitter.com/poetryandtruth
zomatoin,3,2016,https://twitter.com/zomatoin
zomato,2,2016,https://twitter.com/zomato
shu_raut,2,2016,https://twitter.com/shu_raut
mkbhd,3,2016,https://twitter.com/mkbhd
hashmumbai,1,2016,https://twitter.com/hashmumbai
sumitjadhavar,2,2016,https://twitter.com/sumitjadhavar
absrb,4,2016,https://twitter.com/absrb
vivekteega,10,2016,https://twitter.com/vivekteega
thekenweb,2,2016,https://twitter.com/thekenweb
motorola,2,2016,https://twitter.com/motorola
farrymoubh,2,2016,https://twitter.com/farrymoubh
olacabs,2,2016,https://twitter.com/olacabs
googlechrome,1,2016,https://twitter.com/googlechrome
cafecoffeeday,2,2016,https://twitter.com/cafecoffeeday
nescafeindia,1,2016,https://twitter.com/nescafeindia
drparas_matrrix,1,2016,https://twitter.com/drparas_matrrix
greensandolives,2,2016,https://twitter.com/greensandolives
anjinturkar,1,2016,https://twitter.com/anjinturkar
soarinblues,1,2016,https://twitter.com/soarinblues
savanimirashi,2,2016,https://twitter.com/savanimirashi
lunarbaboon,3,2016,https://twitter.com/lunarbaboon
whatsapp,4,2016,https://twitter.com/whatsapp
rohanv,1,2016,https://twitter.com/rohanv
flicknookin,2,2016,https://twitter.com/flicknookin
tawani_vinay,1,2016,https://twitter.com/tawani_vinay
prachisingh3may,4,2016,https://twitter.com/prachisingh3may
burgerking,1,2016,https://twitter.com/burgerking
burgerkingindia,1,2016,https://twitter.com/burgerkingindia
9gag,1,2016,https://twitter.com/9gag
weismanjake,1,2016,https://twitter.com/weismanjake
s133py0n3,2,2016,https://twitter.com/s133py0n3
messenger,3,2016,https://twitter.com/messenger
google_hangouts,1,2016,https://twitter.com/google_hangouts
janolehelmbold,1,2016,https://twitter.com/janolehelmbold
blackberryin,2,2016,https://twitter.com/blackberryin
varungrover,3,2016,https://twitter.com/varungrover
yehchina,1,2016,https://twitter.com/yehchina
suicidesquadwb,1,2016,https://twitter.com/suicidesquadwb
cinepolis,1,2016,https://twitter.com/cinepolis
unsw,1,2016,https://twitter.com/unsw
facebook,3,2016,https://twitter.com/facebook
sushmaswaraj,1,2016,https://twitter.com/sushmaswaraj
ladyauntiecathy,1,2016,https://twitter.com/ladyauntiecathy
ubercoolosis,1,2016,https://twitter.com/ubercoolosis
mihirbijur,1,2016,https://twitter.com/mihirbijur
puneintlitfest,1,2016,https://twitter.com/puneintlitfest
blytonofficial,1,2016,https://twitter.com/blytonofficial
punekar,1,2016,https://twitter.com/punekar
mirrorpune,1,2016,https://twitter.com/mirrorpune
manjiriprabhu,1,2016,https://twitter.com/manjiriprabhu
phoenix1511,1,2016,https://twitter.com/phoenix1511
jeet_gothwal,1,2016,https://twitter.com/jeet_gothwal
blackberryhelp,1,2016,https://twitter.com/blackberryhelp
blackberrynews,1,2016,https://twitter.com/blackberrynews
bubsterrs,1,2016,https://twitter.com/bubsterrs
metallica,2,2016,https://twitter.com/metallica
woodranch,1,2016,https://twitter.com/woodranch
blueskymeapp,1,2016,https://twitter.com/blueskymeapp
googleplay,10,2016,https://twitter.com/googleplay
actorprepares,1,2016,https://twitter.com/actorprepares
prismaai,1,2016,https://twitter.com/prismaai
goa_portuguesa,1,2016,https://twitter.com/goa_portuguesa
eyeem,2,2016,https://twitter.com/eyeem
theviralfever,2,2016,https://twitter.com/theviralfever
shounakpande,9,2016,https://twitter.com/shounakpande
ifttt,2,2016,https://twitter.com/ifttt
gajendrasikarwr,2,2016,https://twitter.com/gajendrasikarwr
mayurpuri,2,2016,https://twitter.com/mayurpuri
flynxapp,2,2016,https://twitter.com/flynxapp
vodafonein,1,2016,https://twitter.com/vodafonein
syskaul,7,2016,https://twitter.com/syskaul
sheikhimaan,1,2016,https://twitter.com/sheikhimaan
achintyavarma,1,2016,https://twitter.com/achintyavarma
amadhav20,1,2016,https://twitter.com/amadhav20
storypicker,1,2016,https://twitter.com/storypicker
the_elbo_room,1,2016,https://twitter.com/the_elbo_room
actormadhavan,2,2016,https://twitter.com/actormadhavan
binayaknag,5,2016,https://twitter.com/binayaknag
sonysix,1,2016,https://twitter.com/sonysix
sonyespn,1,2016,https://twitter.com/sonyespn
prasadrane73,2,2016,https://twitter.com/prasadrane73
ridlrmum,2,2016,https://twitter.com/ridlrmum
dev_fadnavis,2,2016,https://twitter.com/dev_fadnavis
antogriezmann,1,2016,https://twitter.com/antogriezmann
ramanraag,1,2016,https://twitter.com/ramanraag
nawazuddin_s,1,2016,https://twitter.com/nawazuddin_s
ebayindia,4,2016,https://twitter.com/ebayindia
1followernodad,1,2016,https://twitter.com/1followernodad
rcitymall,1,2016,https://twitter.com/rcitymall
siddhan06468140,1,2016,https://twitter.com/siddhan06468140
dariusforoux,1,2016,https://twitter.com/dariusforoux
chemicalsite,1,2016,https://twitter.com/chemicalsite
shweta,1,2016,https://twitter.com/shweta
abhijitkale_47,1,2016,https://twitter.com/abhijitkale_47
porcupinetree,1,2016,https://twitter.com/porcupinetree
ironmaiden,1,2016,https://twitter.com/ironmaiden
megadeth,3,2016,https://twitter.com/megadeth
dreamtheaternet,1,2016,https://twitter.com/dreamtheaternet
down_theroad,1,2016,https://twitter.com/down_theroad
hillgreendine,1,2016,https://twitter.com/hillgreendine
aseemshukla7,1,2016,https://twitter.com/aseemshukla7
thenextweb,1,2016,https://twitter.com/thenextweb
phil_coutinho,1,2016,https://twitter.com/phil_coutinho
stephanpastis,3,2016,https://twitter.com/stephanpastis
easportsfifa,1,2016,https://twitter.com/easportsfifa
officialopeth,1,2016,https://twitter.com/officialopeth
lambofgod,2,2016,https://twitter.com/lambofgod
localteaparty,1,2016,https://twitter.com/localteaparty
bookmyshow,1,2016,https://twitter.com/bookmyshow
sairatmovie,1,2016,https://twitter.com/sairatmovie
flipboard,1,2016,https://twitter.com/flipboard
suryachowdary,4,2016,https://twitter.com/suryachowdary
bbm,1,2016,https://twitter.com/bbm
pradyunsg,4,2016,https://twitter.com/pradyunsg
spartacus_starz,1,2016,https://twitter.com/spartacus_starz
playdots,2,2016,https://twitter.com/playdots
inboxbygmail,1,2016,https://twitter.com/inboxbygmail
microsoft,1,2016,https://twitter.com/microsoft
googlecalendar,1,2016,https://twitter.com/googlecalendar
arsenal,3,2016,https://twitter.com/arsenal
alvaromorata,1,2016,https://twitter.com/alvaromorata
cafearabiapune,1,2016,https://twitter.com/cafearabiapune
realmadriden,1,2016,https://twitter.com/realmadriden
fcbayernen,1,2016,https://twitter.com/fcbayernen
juventusfcen,1,2016,https://twitter.com/juventusfcen
tayade_trupti,1,2016,https://twitter.com/tayade_trupti
thediyhacks,2,2016,https://twitter.com/thediyhacks
androidauth,1,2016,https://twitter.com/androidauth
mariogoetze,1,2016,https://twitter.com/mariogoetze
fcbayern,1,2016,https://twitter.com/fcbayern
techhelp1315,1,2016,https://twitter.com/techhelp1315
timesofindia,1,2016,https://twitter.com/timesofindia
bhatrahul,1,2016,https://twitter.com/bhatrahul
fact,1,2016,https://twitter.com/fact
hypocritetwins,1,2016,https://twitter.com/hypocritetwins
nanotechtopnews,1,2016,https://twitter.com/nanotechtopnews
googleplus,2,2016,https://twitter.com/googleplus
ticktickteam,1,2016,https://twitter.com/ticktickteam
arkhamasylumhq,1,2016,https://twitter.com/arkhamasylumhq
nitunnithan,2,2016,https://twitter.com/nitunnithan
melange_vit,1,2016,https://twitter.com/melange_vit
clashofclans,1,2016,https://twitter.com/clashofclans
venkatmayur,3,2016,https://twitter.com/venkatmayur
waleednasir00,2,2016,https://twitter.com/waleednasir00
mcdonalds,2,2016,https://twitter.com/mcdonalds
rockpapercynic,1,2016,https://twitter.com/rockpapercynic
novalauncher,1,2016,https://twitter.com/novalauncher
hotinhere_pune,1,2016,https://twitter.com/hotinhere_pune
buffer,1,2016,https://twitter.com/buffer
arjits29,21,2015,https://twitter.com/arjits29
swarmapp,3,2015,https://twitter.com/swarmapp
nikeiahuja,80,2015,https://twitter.com/nikeiahuja
hashpune,12,2015,https://twitter.com/hashpune
freechargecares,1,2015,https://twitter.com/freechargecares
freecharge,1,2015,https://twitter.com/freecharge
notionapp,4,2015,https://twitter.com/notionapp
googlenexus,1,2015,https://twitter.com/googlenexus
dropbox,1,2015,https://twitter.com/dropbox
mailbox,1,2015,https://twitter.com/mailbox
himanij1495,99,2015,https://twitter.com/himanij1495
factsionary,8,2015,https://twitter.com/factsionary
iz_uzzi,1,2015,https://twitter.com/iz_uzzi
clashofclans,1,2015,https://twitter.com/clashofclans
syskaul,4,2015,https://twitter.com/syskaul
faasos,2,2015,https://twitter.com/faasos
pickroadrunnr,2,2015,https://twitter.com/pickroadrunnr
prachisingh3may,1,2015,https://twitter.com/prachisingh3may
nigelbritto,1,2015,https://twitter.com/nigelbritto
antaraatrey,1,2015,https://twitter.com/antaraatrey
tamashaofficial,1,2015,https://twitter.com/tamashaofficial
mkbhd,2,2015,https://twitter.com/mkbhd
manuvardhan,26,2015,https://twitter.com/manuvardhan
sanchetigaurav,2,2015,https://twitter.com/sanchetigaurav
boomerang,4,2015,https://twitter.com/boomerang
inboxbygmail,8,2015,https://twitter.com/inboxbygmail
awesomityfun,2,2015,https://twitter.com/awesomityfun
xynoclafe,19,2015,https://twitter.com/xynoclafe
facebook,1,2015,https://twitter.com/facebook
motorolaindia,1,2015,https://twitter.com/motorolaindia
earnknowledge,2,2015,https://twitter.com/earnknowledge
chemicalsite,1,2015,https://twitter.com/chemicalsite
anuraagksharma,15,2015,https://twitter.com/anuraagksharma
brokntransistor,25,2015,https://twitter.com/brokntransistor
youtube,7,2015,https://twitter.com/youtube
ankit130494,1,2015,https://twitter.com/ankit130494
coolrohit555,1,2015,https://twitter.com/coolrohit555
shriramdusane,5,2015,https://twitter.com/shriramdusane
mihirasolekar,2,2015,https://twitter.com/mihirasolekar
zomato,9,2015,https://twitter.com/zomato
twitter,12,2015,https://twitter.com/twitter
dominos_india,6,2015,https://twitter.com/dominos_india
astikkulkarni,23,2015,https://twitter.com/astikkulkarni
eastindiacomedy,1,2015,https://twitter.com/eastindiacomedy
pskylarke,2,2015,https://twitter.com/pskylarke
yochinapune,1,2015,https://twitter.com/yochinapune
sirjoancornella,1,2015,https://twitter.com/sirjoancornella
aditipadhye,1,2015,https://twitter.com/aditipadhye
bu0103,1,2015,https://twitter.com/bu0103
endhoos,1,2015,https://twitter.com/endhoos
devisub,1,2015,https://twitter.com/devisub
officialopeth,2,2015,https://twitter.com/officialopeth
windows,1,2015,https://twitter.com/windows
googlekeep,1,2015,https://twitter.com/googlekeep
googlecalendar,1,2015,https://twitter.com/googlecalendar
tedxvitpune,1,2015,https://twitter.com/tedxvitpune
ajinkyachitnis,5,2015,https://twitter.com/ajinkyachitnis
sanjaychitnis,1,2015,https://twitter.com/sanjaychitnis
justhiddenfacts,5,2015,https://twitter.com/justhiddenfacts
todozu,1,2015,https://twitter.com/todozu
devashreea,1,2015,https://twitter.com/devashreea
anydo_support,1,2015,https://twitter.com/anydo_support
anydo,1,2015,https://twitter.com/anydo
google,2,2015,https://twitter.com/google
tauruszdiac,4,2015,https://twitter.com/tauruszdiac
sagittariusterm,2,2015,https://twitter.com/sagittariusterm
cancer_zdiac,5,2015,https://twitter.com/cancer_zdiac
mildlyclassic,1,2015,https://twitter.com/mildlyclassic
rohanbahadur,1,2015,https://twitter.com/rohanbahadur
holysmokescafe,1,2015,https://twitter.com/holysmokescafe
flynxapp,1,2015,https://twitter.com/flynxapp
sadhgurujv,1,2015,https://twitter.com/sadhgurujv
prasadguitar97,2,2015,https://twitter.com/prasadguitar97
ironmaiden,1,2015,https://twitter.com/ironmaiden
sanikakelkar,2,2015,https://twitter.com/sanikakelkar
sukhi190795,1,2015,https://twitter.com/sukhi190795
chaitanyapetkar,1,2015,https://twitter.com/chaitanyapetkar
devdeepray,1,2015,https://twitter.com/devdeepray
androids,1,2015,https://twitter.com/androids
droid_life,2,2015,https://twitter.com/droid_life
hktweets666,1,2015,https://twitter.com/hktweets666
sonyxperia,1,2015,https://twitter.com/sonyxperia
pattalkhare,15,2015,https://twitter.com/pattalkhare
mikeportnoy,1,2015,https://twitter.com/mikeportnoy
gmail,5,2015,https://twitter.com/gmail
dominos,3,2015,https://twitter.com/dominos
dr_dainheer,2,2015,https://twitter.com/dr_dainheer
dalailama,1,2015,https://twitter.com/dalailama
jonnysun,1,2015,https://twitter.com/jonnysun
sageengineering,1,2015,https://twitter.com/sageengineering
bruneluni,1,2015,https://twitter.com/bruneluni
hashmumbai,2,2015,https://twitter.com/hashmumbai
roshni146,1,2015,https://twitter.com/roshni146
itsmevaibhavk,1,2015,https://twitter.com/itsmevaibhavk
microsoft,2,2015,https://twitter.com/microsoft
ndtvgadgets,2,2015,https://twitter.com/ndtvgadgets
weareexplorate,1,2015,https://twitter.com/weareexplorate
phoenix1511,1,2015,https://twitter.com/phoenix1511
nikitahemant,1,2015,https://twitter.com/nikitahemant
pagaldrummer,3,2015,https://twitter.com/pagaldrummer
mrunmayee_kode,2,2015,https://twitter.com/mrunmayee_kode
dunkindonuts,1,2015,https://twitter.com/dunkindonuts
googleappsdev,1,2015,https://twitter.com/googleappsdev
motorola,1,2015,https://twitter.com/motorola
mangiafuori,1,2015,https://twitter.com/mangiafuori
athyunnath,3,2015,https://twitter.com/athyunnath
tgifridays,1,2015,https://twitter.com/tgifridays
rcitymall,1,2015,https://twitter.com/rcitymall
nikhilchandwan2,3,2015,https://twitter.com/nikhilchandwan2
arsenal,4,2015,https://twitter.com/arsenal
alexis_sanchez,2,2015,https://twitter.com/alexis_sanchez
mybaecannot,1,2015,https://twitter.com/mybaecannot
flipkart,1,2015,https://twitter.com/flipkart
hitesh0717,1,2015,https://twitter.com/hitesh0717
whatsapp,1,2015,https://twitter.com/whatsapp
fcbayernen,1,2015,https://twitter.com/fcbayernen
fcbayern,1,2015,https://twitter.com/fcbayern
fcbarcelona,1,2015,https://twitter.com/fcbarcelona
achintyavarma,1,2015,https://twitter.com/achintyavarma
deathultimate,1,2015,https://twitter.com/deathultimate
shubham_pansare,2,2015,https://twitter.com/shubham_pansare
soundcloud,1,2015,https://twitter.com/soundcloud
realmadriden,1,2015,https://twitter.com/realmadriden
wunderlist,1,2015,https://twitter.com/wunderlist
change4india,1,2015,https://twitter.com/change4india
pdvirus,1,2015,https://twitter.com/pdvirus
thedemonstealer,4,2015,https://twitter.com/thedemonstealer
o_ofacts,2,2015,https://twitter.com/o_ofacts
googleplay,2,2015,https://twitter.com/googleplay
buffer,1,2015,https://twitter.com/buffer
imanuraagsharma,10,2015,https://twitter.com/imanuraagsharma
wowsopunny,2,2015,https://twitter.com/wowsopunny
stephanpastis,1,2015,https://twitter.com/stephanpastis
4sqsupport,1,2015,https://twitter.com/4sqsupport
thefunnyteens,2,2015,https://twitter.com/thefunnyteens
mesutozil1088,1,2015,https://twitter.com/mesutozil1088
hectorbellerin,1,2015,https://twitter.com/hectorbellerin
thislsamazing,2,2015,https://twitter.com/thislsamazing
ndtv,1,2015,https://twitter.com/ndtv
factsofschool,1,2015,https://twitter.com/factsofschool
egorisko,1,2015,https://twitter.com/egorisko
premierguitar,1,2015,https://twitter.com/premierguitar
guitarworld,1,2015,https://twitter.com/guitarworld
fender,1,2015,https://twitter.com/fender
totalguitar,1,2015,https://twitter.com/totalguitar
cleveland_scene,1,2015,https://twitter.com/cleveland_scene
schecter_guitar,1,2015,https://twitter.com/schecter_guitar
regajha,1,2015,https://twitter.com/regajha
theweirdworld,2,2015,https://twitter.com/theweirdworld
evernote,1,2015,https://twitter.com/evernote
dogethedog,1,2015,https://twitter.com/dogethedog
subway,1,2015,https://twitter.com/subway
honestmessage,1,2015,https://twitter.com/honestmessage
cyngn,2,2015,https://twitter.com/cyngn
cyanogenmod,2,2015,https://twitter.com/cyanogenmod
theunusualfact,1,2015,https://twitter.com/theunusualfact
vivekiitb,1,2015,https://twitter.com/vivekiitb
mavrty9,1,2015,https://twitter.com/mavrty9
androidcentral,1,2015,https://twitter.com/androidcentral
plctureporn,1,2015,https://twitter.com/plctureporn
soofunnypost,1,2015,https://twitter.com/soofunnypost
amzerinc,1,2015,https://twitter.com/amzerinc
coloringlifein,1,2015,https://twitter.com/coloringlifein
fascinatingvids,1,2015,https://twitter.com/fascinatingvids
adidasfootball,1,2015,https://twitter.com/adidasfootball
brokntransistor,19,2014,https://twitter.com/brokntransistor
demonictweets,4,2014,https://twitter.com/demonictweets
arsenal,4,2014,https://twitter.com/arsenal
mrunmayee_kode,2,2014,https://twitter.com/mrunmayee_kode
syskaul,2,2014,https://twitter.com/syskaul
wemailapp,1,2014,https://twitter.com/wemailapp
twitter,7,2014,https://twitter.com/twitter
arjits29,12,2014,https://twitter.com/arjits29
pattalkhare,5,2014,https://twitter.com/pattalkhare
ajinkyachitnis,1,2014,https://twitter.com/ajinkyachitnis
happines_guru,1,2014,https://twitter.com/happines_guru
nikeiahuja,14,2014,https://twitter.com/nikeiahuja
9gag,1,2014,https://twitter.com/9gag
tawani_vinay,2,2014,https://twitter.com/tawani_vinay
imanuraagsharma,5,2014,https://twitter.com/imanuraagsharma
manuvardhan,8,2014,https://twitter.com/manuvardhan
stevenwilsonhq,1,2014,https://twitter.com/stevenwilsonhq
iam_priyashah,1,2014,https://twitter.com/iam_priyashah
google,1,2014,https://twitter.com/google
bhawna_panwar,7,2014,https://twitter.com/bhawna_panwar
mokshadha,8,2014,https://twitter.com/mokshadha
pushbullet,1,2014,https://twitter.com/pushbullet
businessnmusic,1,2014,https://twitter.com/businessnmusic
lambofgodband,1,2014,https://twitter.com/lambofgodband
dogethedog,1,2014,https://twitter.com/dogethedog
onedirection,1,2014,https://twitter.com/onedirection
stephanpastis,2,2014,https://twitter.com/stephanpastis
theunusualfact,1,2014,https://twitter.com/theunusualfact
rohinidable,3,2014,https://twitter.com/rohinidable
ibanezofficial,1,2014,https://twitter.com/ibanezofficial
easportsfifa,3,2014,https://twitter.com/easportsfifa
queasypops,1,2014,https://twitter.com/queasypops
googleplay,5,2014,https://twitter.com/googleplay
googleapps,3,2014,https://twitter.com/googleapps
googledevs,3,2014,https://twitter.com/googledevs
motorolaindia,7,2014,https://twitter.com/motorolaindia
astikkulkarni,2,2014,https://twitter.com/astikkulkarni
realmadriden,4,2014,https://twitter.com/realmadriden
realmadrid,1,2014,https://twitter.com/realmadrid
mojorojo,3,2014,https://twitter.com/mojorojo
ratneckband,1,2014,https://twitter.com/ratneckband
abhijitkale47,1,2014,https://twitter.com/abhijitkale47
antutulabs,1,2014,https://twitter.com/antutulabs
mofryky,1,2014,https://twitter.com/mofryky
jblaudio,1,2014,https://twitter.com/jblaudio
porcupinetree,1,2014,https://twitter.com/porcupinetree
pythonerd,1,2014,https://twitter.com/pythonerd
officialopeth,3,2014,https://twitter.com/officialopeth
deathultimate,5,2014,https://twitter.com/deathultimate
truthoftoday,1,2014,https://twitter.com/truthoftoday
wowsopunny,1,2014,https://twitter.com/wowsopunny
footballvines,1,2014,https://twitter.com/footballvines
tejaswingumber,1,2014,https://twitter.com/tejaswingumber
abhayteotia,3,2014,https://twitter.com/abhayteotia
powaiinfo,1,2014,https://twitter.com/powaiinfo
kritipanwar90,1,2014,https://twitter.com/kritipanwar90
tonikroos,1,2014,https://twitter.com/tonikroos
jamesdrodriguez,1,2014,https://twitter.com/jamesdrodriguez
mariogoetze,1,2014,https://twitter.com/mariogoetze
rohanbahadur,1,2014,https://twitter.com/rohanbahadur
gabbbarsingh,1,2014,https://twitter.com/gabbbarsingh
personinterest,1,2014,https://twitter.com/personinterest
mesutozil1088,1,2014,https://twitter.com/mesutozil1088
chelsealouisfc,1,2014,https://twitter.com/chelsealouisfc
tweetings,1,2014,https://twitter.com/tweetings
hktweets666,4,2014,https://twitter.com/hktweets666
rajputbhatty,1,2014,https://twitter.com/rajputbhatty
bbm,2,2014,https://twitter.com/bbm
chemicalsite,1,2014,https://twitter.com/chemicalsite
kapadniscv,1,2014,https://twitter.com/kapadniscv
meetpilankar17,1,2014,https://twitter.com/meetpilankar17
saurabh2450,1,2014,https://twitter.com/saurabh2450
seanashemusic,1,2014,https://twitter.com/seanashemusic
talonandroid,1,2014,https://twitter.com/talonandroid
sergeant_d,1,2014,https://twitter.com/sergeant_d
metallica,2,2014,https://twitter.com/metallica
thedemonstealer,5,2014,https://twitter.com/thedemonstealer
_italiankitchen,1,2014,https://twitter.com/_italiankitchen
daddarioandco,1,2014,https://twitter.com/daddarioandco
devashreea,1,2014,https://twitter.com/devashreea
megadeth,2,2014,https://twitter.com/megadeth
metalbase_in,1,2014,https://twitter.com/metalbase_in
devoidindia,1,2014,https://twitter.com/devoidindia
uberfacts,1,2014,https://twitter.com/uberfacts
thoughtcatalog,1,2014,https://twitter.com/thoughtcatalog
premierleague,1,2014,https://twitter.com/premierleague
kalmahofficial,1,2014,https://twitter.com/kalmahofficial
pratikrajurkar,1,2014,https://twitter.com/pratikrajurkar
breakingbenj,1,2014,https://twitter.com/breakingbenj
warcraft_fr,1,2014,https://twitter.com/warcraft_fr
mikaelakerfeldt,1,2014,https://twitter.com/mikaelakerfeldt
alex_oxchambo,1,2014,https://twitter.com/alex_oxchambo
authordanbrown,1,2014,https://twitter.com/authordanbrown
furtados,1,2014,https://twitter.com/furtados
furtados,1,2013,https://twitter.com/furtados
nikeiahuja,7,2013,https://twitter.com/nikeiahuja
easportsfifa,1,2013,https://twitter.com/easportsfifa
arjits29,2,2013,https://twitter.com/arjits29
ipssittarajak,1,2013,https://twitter.com/ipssittarajak
porcupinetree,1,2013,https://twitter.com/porcupinetree
stevenwilsonhq,1,2013,https://twitter.com/stevenwilsonhq
thedemonstealer,5,2013,https://twitter.com/thedemonstealer
metal_hammer,1,2013,https://twitter.com/metal_hammer
davemustaine,1,2013,https://twitter.com/davemustaine
arsenal,1,2013,https://twitter.com/arsenal
